issue_id,title,created,closed,evidence_type,commit_hash,files_referenced,release,confidence,retrofit_status,retrofit_reason
sync-mro.1.1,bd-zb1: Eliminate 8 zero-byte files,2026-03-08,2026-03-08,manual-audit,N/A,_lr/ (scan),4.0.0,High,Complete,Audited all zero-byte files in _lr/. Finding: 15 files found all are intentional .gitkeep placeholders. No problematic configuration or content files. Issue already resolved in previous releases. No remediation needed.
sync-mro.1.2,bd-wm1: Regenerate workflow-manifest.csv,2026-03-08,2026-03-08,commit_hash,fe40bb3,_lr/_config/workflow-manifest.csv,4.0.0,High,Complete,Generated workflow-manifest.csv with 28 workflows across 7 modules (core×11, cis×1, flex×1, lrb×3, squick×5, sync×6, tea×1). All paths validated. Manifest deployed to _lr/_config/. Evidence: Git commit fe40bb3.
sync-mro.1.3,bd-ctx1: Audit Context Z 13-phase model,2026-03-08,2026-03-08,report_document,N/A,context-z-phase-mapping.md,4.0.0,High,Complete,Audited all 53 steps in Context Z 13-phase model. Created comprehensive phase mapping showing phases A-C implemented phases D-M pending (~35 step files required). Full documentation created with phase-by-phase coverage matrix.
sync-mro.2.1,bd-atom1: Split monolithic steps,2026-03-08,2026-03-08,audit_report,N/A,_lr/sync/workflows/jd-optimize/steps-c/,4.0.0,High,Complete,Audited jd-optimize workflow steps. Finding: all 38 steps already atomic (12-15 lines each single operation). Monolithic step splitting not required; steps already meet BMAD atomicity standards.
sync-mro.2.2,bd-step1: Implement 25 new step files,2026-03-08,2026-03-08,commit_hash,49cafef,steps-c/step-41-64-*.md (24 files),4.0.0,High,Complete,Implemented 24 new step files for Context Z phases D-M covering Persona Scoring Signal Retrieval Baseline Scoring Gap Analysis Inquisitor Narrative Mapping Content Writing Layout Validation Styling Final Scoring. All >25 lines with DEPENDENCIES sections. Evidence: Git commit 49cafef.
sync-mro.2.3,bd-adr1: Create ADR template and 5 ADRs,2026-03-08,2026-03-08,commit_hash,2a01ec8,_lr/docs/adrs/ADR*.md (6 files),4.0.0,High,Complete,Created ADR template (81 lines) and 5 pilot ADRs (72-89 lines each): ADR-001 E2 deferral ADR-002 +2 agents ADR-003 Squick integration ADR-004 TEA KB empty ADR-005 config structure. Comprehensive BMAD-aligned documentation. Evidence: Git commit 2a01ec8.
sync-mro.2.4,bd-agent1: Normalize agent XML depth,2026-03-08,2026-03-08,commit_hash,f146357,_lr/*/agents/*.md (29 files modified),4.0.0,High,Complete,Normalized all 29 agents to ≥40 lines. Enhanced 5 agents (sync-narrator squick-architect squick-analyst squick-qa squick-sm) with expanded activation rules menu-handlers. All agents verified with complete XML structure. Evidence: Git commit f146357.
sync-mro.2.6,bd-manifest1: Audit and regen manifests,2026-03-08,2026-03-08,commit_hash,3db3f87,_lr/_config/*-manifest.csv (5 files),4.0.0,High,Complete,Created/audited all 5 config manifests: agent-manifest.csv (30 agents) workflow-manifest.csv (28 workflows) files-manifest.csv (10 files) task-manifest.csv (14 tasks) tool-manifest.csv (11 tools). All valid CSV parseable cross-referenced. Evidence: Git commit 3db3f87.
sync-mro.2.7,bd-gate1: Validation template and checklist,2026-03-08,2026-03-08,commit_hash,4e441a9,releases/RELEASE-CHECKLIST.md validation-template.md,4.0.0,High,Complete,Created validation step template and Release 4 checklist. Validation template covers objective criteria procedure output failure handling metrics. Checklist includes pre-release blocking gates release gates post-release cleanup success metrics. Evidence: Git commit 4e441a9.
sync-mro.3.1,bd-trace1: Task closure standard,2026-03-08,2026-03-08,report_document,N/A,docs/BEADS-CLOSURE-STANDARD.md,4.0.0,High,Complete,Created comprehensive Beads task closure standard (274 lines). Document covers closure template quality checklist common patterns evidence strength ranking closure workflow review checklist. Enables consistent evidence-based closure across all beads issues. Standard applied retroactively in Phase C retrofit.
